PDB Code,Num of Acids,TM Score (4),RMSD Score (4),RNM Score Radians (4),RNM Score Degrees (4),TM Score (6),RMSD Score (6),RNM Score Radians (6),RNM Score Degrees (6),TM Score (8),RMSD Score (8),RNM Score Radians (8),RNM Score Degrees (8),TM Score (12),RMSD Score (12),RNM Score Radians (12),RNM Score Degrees (12)
5PCY,99,0.2065040684,15.47231674,0.6543207108,37.48981518,0.3932165997,5.4686203,0.4922690217,28.20493733,0.5019249986,3.533587217,0.4003340365,22.93745069,0.6044774818,5.662135124,0.339075081,19.42757108
5PFS,115,0.2086219745,30.62940407,0.9095020774,52.11063049,0.6352509798,4.750674725,0.5068311969,29.03928851,0.4153868024,9.76302433,0.4423954837,25.34739409,0.5351545737,7.492634773,0.3581712732,20.52170229
4N9V,295,0.1762363084,47.18459702,0.747596114,42.83410211,0.2879187468,21.90171051,0.5382068415,30.83698052,0.4156689152,14.42792511,0.4590058774,26.29909955,0.4965574064,10.28419495,0.3750261933,21.48741809
6JME,365,0.1078664521,89.71823883,0.8112339195,46.48027978,0.3581849387,10.16730022,0.5478638117,31.39028416,0.4661169616,8.185767174,0.4781200661,27.39426189,0.4344534622,11.76647472,0.3807114394,21.81315869
1ZTK,237,0.1320784988,59.73832703,0.8018458923,45.94238545,0.2534749754,15.7182951,0.5491706428,31.46516007,0.456493092,10.43597031,0.4766986932,27.31282322,0.3222675712,13.87174892,0.376579697,21.57642729
3DAG,344,0.1557138931,76.19268799,0.8476752323,48.56821321,0.3198980003,20.0986824,0.5517556926,31.61327251,0.4266963529,23.75694084,0.475149185,27.22404294,0.5823108278,10.91505814,0.3794262335,21.73952182
1YZV,195,0.1553119503,36.91725922,0.8453965428,48.43765392,0.2665752264,22.02223396,0.5493029891,31.47274295,0.3320526502,14.71291924,0.4616279917,26.44933563,0.4515717299,11.6141367,0.3606442238,20.66339193
7S2G,129,0.159511305,25.99954987,0.8177415757,46.85314102,0.4523415681,10.9919405,0.5358040223,30.69930912,0.5191817136,4.541225433,0.4617292317,26.45513626,0.5447979598,4.465217113,0.3532830579,20.24162819
2DY5,214,0.1796809968,36.38889694,0.8999013767,51.56055086,0.5107274058,8.479101181,0.5424954964,31.08270235,0.3996989676,17.71731949,0.4837133396,27.71473286,0.435420283,12.31602669,0.3683012995,21.10211005
1FAN,58,0.2450339965,13.11180019,0.729827084,41.81601169,0.54061999,3.528709173,0.5010842417,28.71001223,0.601320368,4.804819584,0.420614914,24.09945937,0.5847806831,2.172319174,0.3443366871,19.7290389
4EKF,192,0.1591495942,52.1176033,0.8121837341,46.53470016,0.2887825459,16.97961235,0.5540893844,31.7469832,0.2935693475,22.74289513,0.4851251697,27.79562476,0.3424335745,19.70758057,0.3722731051,21.32967775
2EIF,133,0.2182137829,21.04173851,0.7212446005,41.32427161,0.3617687597,10.18268394,0.5178506918,29.67065906,0.5688393258,5.962737083,0.4455218019,25.52651893,0.5604915275,5.909446716,0.3594326384,20.5939732
1L3J,372,0.1495121895,89.27037048,0.750388006,42.99406574,0.375434185,23.12842369,0.5335396957,30.56957277,0.5874629991,6.36937952,0.4484811648,25.69607793,0.4852632384,9.056048393,0.3805036557,21.80125356
7JYQ,272,0.170941238,52.0634346,0.8059967804,46.18021382,0.4995617323,11.70578957,0.5332782526,30.55459318,0.5390816203,6.972345829,0.4614422687,26.43869448,0.5869101793,7.740188122,0.3731100396,21.37763056
2WTG,158,0.2183934914,26.51239395,0.8254925737,47.29724049,0.4399246884,7.886684895,0.5294744103,30.33664907,0.5337072445,5.347165108,0.4614859511,26.4411973,0.5628618823,4.544522285,0.3610504508,20.68666702
6CDW,194,0.1678502775,37.98764038,0.8490960096,48.64961775,0.3024050816,16.03897476,0.5271976539,30.20620054,0.429981803,9.59940815,0.4508302367,25.83066984,0.442666777,8.783055305,0.3648302811,20.90323535
8G63,280,0.1761469343,76.23330688,0.8395972952,48.10538151,0.3273281025,22.99354362,0.5350826401,30.65797697,0.284211488,22.4503231,0.4696945263,26.91151402,0.3936289446,11.75170708,0.3750139407,21.48671606
3AJ7,587,0.1297573147,109.115715,0.8276841457,47.42280832,0.2403811861,24.62407303,0.5627174247,32.2413335,0.3656974272,24.66685486,0.4879891898,27.95972102,0.4549966001,10.48982239,0.3901681101,22.35498601
1YVG,397,0.1504418851,89.52445221,0.825610382,47.30399041,0.2657692998,28.37739563,0.5387200568,30.8663856,0.4372836595,13.8516674,0.4705573225,26.9609486,0.4686860785,9.013813972,0.3766086507,21.57808621
4ZKD,470,0.1152475793,98.77740479,0.8038952201,46.05980328,0.2529670921,22.05905914,0.5504701682,31.53961739,0.3443692988,10.67411137,0.4835878867,27.70754493,0.3541432303,9.750713348,0.3769017569,21.59487996
7MM4,197,0.180097019,49.92470551,0.7608762438,43.5949975,0.2648246039,22.51880264,0.5350200103,30.65438854,0.338166876,9.143782616,0.4616447842,26.45029777,0.4212976428,13.57662487,0.3719153276,21.30917861
4OYM,468,0.1277346474,97.46784973,0.8206923732,47.02220926,0.3723557406,18.35626411,0.5383925432,30.84762044,0.3518657772,18.82339668,0.4731317564,27.1084528,0.5262003447,16.52460289,0.3832066338,21.9561228
1W3X,329,0.161579076,82.41545868,0.7824156331,44.8291136,0.2720317281,29.80945587,0.534137671,30.60383423,0.2811524565,25.48835945,0.4741556017,27.16711481,0.5210672969,14.21869469,0.3728001656,21.35987609
1YT2,225,0.1783223147,40.59033203,0.7820209364,44.80649915,0.5276459114,17.24200821,0.5265976413,30.17182235,0.4275044063,14.45401382,0.4569307587,26.18020401,0.6036210102,4.90881443,0.3721842647,21.32458757
7R4N,352,0.1263601864,68.33487701,0.8318292183,47.66030348,0.2743846493,23.80439949,0.5521650853,31.63672898,0.3953032599,19.30008507,0.4798283993,27.49214217,0.3649172775,18.61373329,0.3829604153,21.94201552
6KWJ,239,0.2372483322,44.65297699,0.7125141326,40.82405264,0.4526098575,11.80311203,0.5292456251,30.32354064,0.4768842167,5.60324192,0.4696510954,26.90902561,0.5284805827,11.61521244,0.3752317836,21.49919754
2PCS,152,0.2180806338,38.0606308,0.710850762,40.72874853,0.4414970782,8.730418205,0.4888095358,28.00672338,0.5688700692,7.781058788,0.4389078829,25.14756928,0.5510961707,4.403158665,0.3354346919,19.21899215
1CJW,166,0.162991195,42.08023834,0.7860262342,45.03598581,0.5015645407,8.478792191,0.5298188211,30.35638236,0.3726716083,10.85290241,0.4705857551,26.96257767,0.541914389,6.028204918,0.3759478513,21.5402252
6W80,430,0.1035913757,119.2722778,0.8575625112,49.13471256,0.2202170063,31.23105621,0.5540631812,31.74548187,0.3119474224,24.95895767,0.4813679807,27.58035369,0.3957614322,12.56168842,0.3855873176,22.09252593
5CST,246,0.1684406443,39.36221695,0.8115441438,46.49805433,0.4685953151,15.80637932,0.5288266573,30.29953556,0.4478990926,10.76501274,0.4616161624,26.44865786,0.5508543187,7.902222633,0.3682726611,21.10046919
5LZ9,370,0.1433552561,70.97535706,0.8156112325,46.73108135,0.2833211088,23.73012924,0.5457360952,31.26837499,0.4677107365,15.16578197,0.4832218148,27.68657056,0.376138375,10.6647625,0.3835355129,21.97496618
1J1I,258,0.1228588962,61.01066971,0.83056335,47.58777457,0.2844466651,19.18298721,0.5493541071,31.47567179,0.3832156938,12.77857208,0.4672258282,26.77006804,0.3764752654,12.22622204,0.3739377309,21.42505378
6BTD,203,0.1777582617,46.89179611,0.826376202,47.34786867,0.4389566024,7.056468487,0.533484931,30.56643498,0.4026259423,8.555452347,0.4556923822,26.10925026,0.3968350709,9.815136909,0.3705165899,21.22903684
5C8P,151,0.1803366788,32.64474487,0.7515806365,43.06239843,0.3114294008,12.51189709,0.5399681375,30.93789535,0.3899009104,9.831905365,0.4736375962,27.13743528,0.4812869991,5.916511536,0.3719301956,21.31003048
3B55,409,0.1508323449,91.66859436,0.8872021511,50.83293883,0.4195365196,12.15454197,0.5580958645,31.9765376,0.437212094,18.11667633,0.4781934719,27.39846773,0.4075128642,20.67312241,0.3800520753,21.77537991
4K9U,450,0.1211744607,92.68510437,0.8500196911,48.7025408,0.3549801112,16.85204697,0.5599390529,32.08214452,0.3046699605,18.32186127,0.4865604571,27.87786067,0.3793252468,15.85208797,0.3788841786,21.70846436
7BAK,304,0.1308536763,52.86001587,0.8263173617,47.34449736,0.4499488741,15.56440639,0.547549453,31.37227273,0.3201765845,16.54533577,0.4776699854,27.36847416,0.5939695977,9.113898277,0.3705761516,21.23244948
3AA4,152,0.1866811665,26.46298981,0.7986505354,45.75930499,0.3493005362,10.48404026,0.533110102,30.54495886,0.3815529944,10.33440208,0.4430885947,25.38710643,0.5408982228,4.983296871,0.3476286482,19.91765438
5R28,330,0.1627609729,78.55989075,0.8032960703,46.02547453,0.428610569,9.81973362,0.5446061653,31.20363477,0.3869172364,11.98555946,0.4660527272,26.7028543,0.4862668904,13.22665119,0.3779846697,21.65692629
4GRY,271,0.1538364394,54.97529984,0.7874004697,45.1147237,0.5673601155,8.095677376,0.5330660214,30.54243323,0.5348745079,8.894298553,0.4577696294,26.22826775,0.3476217779,18.44869232,0.3697316091,21.18406075
3KJM,496,0.1442278677,104.0754395,0.8366875692,47.93866649,0.3104489312,29.986763,0.5508132123,31.55927237,0.4393032376,12.45661163,0.4845144273,27.7606318,0.4790498854,7.173387527,0.3849618784,22.0566909
4W5Z,323,0.1604026246,63.52102661,0.8322069975,47.68194864,0.2670768758,14.99261284,0.5396545598,30.91992867,0.2886314406,19.87480545,0.4680858385,26.819343,0.373043659,15.28374767,0.3783216939,21.67623636
3A82,224,0.1424234806,52.30557632,0.8085288899,46.325293,0.4319311414,8.670908928,0.5221744152,29.91839016,0.5190911883,6.7391572,0.4665184047,26.72953565,0.5831357209,10.56347752,0.378731922,21.6997407
5WJJ,338,0.153139598,73.97608185,0.8473323503,48.54856752,0.3266561908,21.28100967,0.5551574156,31.80817688,0.2611652293,21.85836029,0.4807273899,27.54365054,0.3928780221,14.36666584,0.3796980183,21.75509394
6UMU,112,0.2273346397,17.29480171,0.6953705761,39.84179921,0.3631986592,9.998009682,0.4949807649,28.36030877,0.4082518649,6.131849289,0.4235461967,24.2674095,0.3612751179,7.394472599,0.3452578122,19.78181548
3P47,271,0.1479983995,65.32984161,0.8026620481,45.98914773,0.4082128532,16.14306259,0.5387724644,30.86938833,0.4378527596,21.28833771,0.4601431594,26.364261,0.4536967211,11.1964283,0.3672353741,21.04103702
5P9O,214,0.1534631723,63.12824249,0.8520451189,48.81858927,0.3459090088,10.10802746,0.5540271361,31.74341664,0.463025137,7.490562439,0.468801079,26.86032326,0.4729531666,11.29742336,0.3666568072,21.00788758
5BRV,258,0.1270877916,56.10671616,0.8026073012,45.98601096,0.3714968665,18.25908852,0.5456399651,31.26286714,0.2646293571,13.61525822,0.4865035357,27.87459931,0.3064646595,9.561070442,0.385751684,22.10194344
5D3R,127,0.2308254188,26.66934204,0.8787937002,50.35117009,0.5279235154,10.0117569,0.5167160979,29.60565162,0.4780483408,4.346465111,0.4566943546,26.16665905,0.3031677658,14.994133,0.3752801934,21.50197122
6Y0M,134,0.1596468561,39.00153732,0.7646893117,43.8134702,0.3675684242,11.63323498,0.5225348255,29.93904015,0.3753805273,8.163709641,0.4589562525,26.29625625,0.5523519431,9.030797958,0.3611625862,20.69309191
3R6I,303,0.1335861112,60.63991928,0.8587388665,49.20211276,0.3281383191,10.66643429,0.5665277242,32.45964757,0.2561582287,18.13699913,0.496120322,28.42560058,0.4596364213,12.2901144,0.3781919249,21.66880114
3DAM,467,0.1113220461,91.71102142,0.8543879749,48.95282503,0.4061582108,21.97190285,0.5534012804,31.70755775,0.3097337961,20.64380264,0.4842624324,27.74619356,0.4797537622,11.73803425,0.3835784427,21.97742588
1UCS,64,0.2328034091,12.92446423,0.7610292526,43.60376426,0.4663993879,4.369580746,0.5098841969,29.21421252,0.3789433154,4.616203785,0.4044173853,23.17140934,0.4548372588,3.510989666,0.3384130706,19.38964068
6LOW,246,0.153514052,59.87132263,0.8270109616,47.38423771,0.483605302,12.86548233,0.5265027919,30.16638788,0.3676778758,16.66593552,0.4604593681,26.38237843,0.6090623849,6.963918209,0.3663711279,20.99151936
4KEC,434,0.1201354662,90.02172089,0.8005419832,45.86767696,0.3058353527,18.79810715,0.54290614,31.10623049,0.3530070442,21.48428345,0.4663644504,26.72071472,0.3598739387,15.81050491,0.3768521742,21.59203908
7C3Z,103,0.1995404489,20.57444,0.7888966138,45.20044644,0.3496328405,9.901273727,0.5282570341,30.26689855,0.3769704193,9.204563141,0.4544326958,26.03707554,0.4583429854,6.648820877,0.3494991389,20.0248256
6YBE,134,0.1584952084,30.13036156,0.8018935533,45.94511622,0.3828122991,11.21940136,0.5227490758,29.95131579,0.4055686413,8.506550789,0.4592269141,26.31176402,0.4847017494,6.902189255,0.3627921874,20.78646118
7O4O,227,0.2113986452,43.00524902,0.8102198944,46.42218043,0.3189029983,15.86699486,0.5426633305,31.09231854,0.3913254407,13.44097042,0.4697170208,26.91280286,0.3996283526,14.01861286,0.3667059648,21.0107041
2NNV,259,0.1332673721,57.32829285,0.8006038185,45.87121986,0.239635381,24.56937408,0.551437885,31.59506347,0.3373355283,15.79275703,0.4814696884,27.58618111,0.298149283,17.41411018,0.3905684815,22.3779256
6A0G,333,0.1125543866,70.7317276,0.8443131805,48.37558183,0.2309381216,20.95359039,0.5602161633,32.09802177,0.3224343613,21.34882164,0.4912101372,28.14426771,0.3917639006,19.38445854,0.3846001543,22.03596564
6DQA,297,0.1366407642,70.82105255,0.8008195823,45.88358222,0.2902401192,22.57843399,0.5535898646,31.71836282,0.4178599995,13.08791828,0.483346232,27.69369914,0.3926062928,12.42884064,0.3758253204,21.53320469
3H6M,130,0.1720896528,34.64308929,0.8238106315,47.2008723,0.2686224902,14.94914532,0.525662073,30.11821823,0.4964385918,6.8551898,0.4481284206,25.67586718,0.4384810027,8.140256882,0.3666482417,21.00739682
4ALE,166,0.1595142218,29.13947487,0.765181746,43.84168461,0.3354663383,14.20567799,0.540310671,30.95752107,0.4126901051,10.45851994,0.4622139001,26.48290571,0.4140988515,7.571976185,0.3667218313,21.01161319
2FPV,364,0.1287656134,91.00170898,0.8171589779,46.81976062,0.3934901333,12.61089802,0.548113908,31.40461362,0.4309013477,18.07791901,0.4816604101,27.59710866,0.2918841923,23.9946804,0.3850724429,22.06302579
5RKJ,119,0.2143397041,27.46924591,0.8979334153,51.44779498,0.5768299722,6.599908352,0.5172489312,29.63618072,0.5183738534,7.445019722,0.4607866624,26.40113101,0.4948449263,7.410229206,0.3738504715,21.42005418
7NZS,257,0.1377466607,53.4488945,0.8033100991,46.02627832,0.2882924364,17.03434753,0.5473919018,31.36324572,0.2903184913,13.84603882,0.4892433992,28.03158193,0.3571708545,18.85231781,0.3914744783,22.42983539
6WXJ,282,0.1360177249,38.92999649,0.8127311988,46.56606757,0.2845236515,13.82534504,0.5364616076,30.73698599,0.2824403906,15.87116814,0.4708106418,26.97546272,0.4617514865,18.38605309,0.3848979843,22.05303004
8BY0,123,0.1938655639,25.28787422,0.721745944,41.35299647,0.4438573319,10.42539406,0.5079114589,29.10118296,0.5613938758,7.372872829,0.4367829455,25.02581934,0.6546518197,3.041272879,0.3461258916,19.83155277
3ML2,257,0.1208490219,59.3355751,0.8085582351,46.32697436,0.2609198705,17.20332336,0.5426682268,31.09259907,0.2852353007,19.18955803,0.4842508067,27.74552745,0.2677761191,11.9664135,0.3892567428,22.30276851
5RP8,279,0.1497784929,62.69318008,0.8291534817,47.50699507,0.2667600862,19.65348244,0.5419889197,31.05367764,0.3954819678,24.763834,0.4802691095,27.51739301,0.5013967635,7.632879257,0.3833812926,21.96613001
2QDV,106,0.2169196732,23.98140335,0.6845531004,39.2220035,0.3485645333,7.919024944,0.5054457832,28.95991015,0.4881888706,5.952032566,0.425870707,24.40059413,0.5887185087,7.509907246,0.3370769962,19.31308925
1CIV,374,0.1364452717,86.91117859,0.8307825401,47.60033324,0.39571655,14.14429188,0.5563153656,31.87452253,0.3270790271,19.71539116,0.4782966616,27.40438006,0.3997984168,16.80046654,0.3768201908,21.59020657
5CV7,130,0.1709537769,32.53408432,0.8236195801,47.18992586,0.307680827,13.24116707,0.5294328226,30.33426627,0.5709075717,5.697612286,0.447355921,25.63160621,0.4411987231,8.68337822,0.3692390989,21.155842
1XG6,179,0.1599959094,54.07104492,0.7996465258,45.81637103,0.3010124521,10.93496609,0.5256797517,30.11923115,0.3730129307,12.32930756,0.4599983049,26.35596145,0.6564276404,5.664390564,0.3697011032,21.18231289
7BDH,340,0.1361918899,71.30013275,0.8116634511,46.50489013,0.3134558567,17.32651901,0.5599306205,32.08166138,0.3940487001,13.68937683,0.4869278492,27.89891069,0.5534058067,5.228310585,0.3828022842,21.93295527
5DT4,259,0.1853630375,53.88647079,0.8362337131,47.91266245,0.2536725994,23.16584969,0.5401614207,30.94896966,0.2577799292,14.9068861,0.4720723262,27.04775192,0.3858000775,13.74534321,0.3790325975,21.71696813
5AYL,743,0.11709507,173.2033386,0.8340486902,47.78746986,0.3042702988,26.67485046,0.555541436,31.83017963,0.4168861607,16.99013519,0.4878369429,27.95099792,0.4450327593,17.24633026,0.3867615872,22.15980662
5I77,303,0.1614509329,76.10944366,0.8390822172,48.07586971,0.2800697612,17.95754814,0.5500878323,31.51771115,0.4413102335,11.52329445,0.4786708188,27.42581769,0.4729332271,11.41103458,0.3827544082,21.93021218
7FUV,121,0.2186084765,26.02523994,0.9055500686,51.88419707,0.4327368239,9.615304947,0.5131072939,29.39888238,0.5163871347,8.458192825,0.4541668676,26.02184471,0.5121727756,6.923903465,0.3722330771,21.32738431
6O3Z,255,0.1638872781,39.58329773,0.8884170632,50.90254817,0.3537647571,12.319314,0.542701632,31.09451305,0.503501085,8.319353104,0.4696571419,26.90937205,0.7328672692,5.773672581,0.3707238415,21.24091149
2A1Y,301,0.1271702523,92.30973816,0.8178760673,46.86084682,0.332299455,16.50038719,0.555885454,31.8498904,0.2619158156,16.81261826,0.4875642359,27.93537296,0.4037729786,8.250371933,0.3792346147,21.72854287
1W28,272,0.1469163107,78.33438873,0.814453275,46.66473527,0.2494561246,19.95231819,0.5427873336,31.09942339,0.3522084301,10.50482845,0.457838541,26.2322161,0.5066682233,11.5536499,0.3803593279,21.79298419
7YLF,143,0.2100447135,23.23490524,0.8670122518,49.67614281,0.335293214,11.65210056,0.5367607596,30.75412614,0.3833211933,8.4659729,0.441661151,25.30531993,0.4603314702,9.494459152,0.3573804767,20.476393
5GR2,755,0.1179139896,148.2668915,0.8094859009,46.3801257,0.3027440118,33.7689476,0.5488720665,31.4480529,0.5178249108,18.27511215,0.4915212164,28.16209124,0.3704509886,18.87473488,0.3952021716,22.64341649
3KZN,333,0.1585825654,76.77854919,0.8368256686,47.946579,0.3590892469,20.47335815,0.5609374891,32.1393507,0.3865345087,11.87300777,0.4728943744,27.09485181,0.5017547737,10.30752182,0.3779240224,21.65345146
5L1U,397,0.1304491469,69.00408173,0.8485593116,48.61886722,0.3666243874,13.54240894,0.5526393059,31.66389982,0.3046799432,20.99781418,0.484021713,27.73240135,0.5664298811,9.526107788,0.3828360339,21.93488899
3B9W,362,0.1282233746,112.2642899,0.8718344975,49.95243714,0.2813127164,30.26288605,0.5355046934,30.68215884,0.2882693722,31.47557831,0.4748762803,27.20840665,0.44404436,14.76902771,0.3792871295,21.73155174
4WHU,119,0.2665720408,22.18002701,0.8827283371,50.57660817,0.5046807284,8.859067917,0.5132331847,29.40609539,0.48753874,5.688164234,0.4391904569,25.16375958,0.4655250478,5.750583649,0.3629234669,20.79398294
3DH8,299,0.1635971923,59.38737869,0.8253365083,47.2882986,0.506521418,9.743664742,0.5324066791,30.5046557,0.5317318614,6.360948086,0.4684515525,26.84029686,0.5196070857,7.713151455,0.3737294631,21.41312091
6IN2,124,0.1951415701,23.65822792,0.8727386616,50.00424193,0.4197502724,4.608715057,0.5171204788,29.62882094,0.3891085696,10.77903652,0.4514368746,25.86542763,0.4834100289,7.60654068,0.3605021519,20.65525181
3CE0,353,0.128446273,80.72847748,0.8562105131,49.05724877,0.3619403263,8.864570618,0.5427848937,31.09928359,0.4022955384,19.04145622,0.4750224929,27.21678402,0.5687883491,8.415651321,0.3719155871,21.30919348
1O6Y,260,0.1380434254,65.31768036,0.8305392138,47.58639167,0.4274161578,15.0149107,0.537529686,30.79818237,0.2630179345,25.71771622,0.4672987919,26.77424855,0.349652498,16.16313553,0.3761857296,21.55385462
2QK2,241,0.1425533529,80.36830139,0.9100685193,52.14308523,0.411055946,12.62567043,0.5444729724,31.19600338,0.5306458516,13.17755318,0.4776460065,27.36710027,0.5416252818,8.782308578,0.3673716648,21.04884591
3LDH,330,0.1506263747,83.15232849,0.8264220881,47.35049774,0.3989121699,10.56968212,0.5508790259,31.5630432,0.4172156563,14.91683102,0.4738401138,27.14903869,0.5716953749,7.273333073,0.3732248559,21.38420905
1QTO,122,0.2072224416,14.36210537,0.7001218035,40.11402448,0.4357042182,6.469483852,0.5211780122,29.86130048,0.4049472485,6.258098125,0.4290989509,24.58555888,0.3458752244,7.046873569,0.3511227878,20.11785383
2O2B,233,0.1600483605,52.17621994,0.7412503218,42.470515,0.3585368488,7.650594711,0.5140050225,29.45031844,0.392999007,6.959882259,0.4482563842,25.68319896,0.6088535884,6.851639748,0.3506914896,20.09314226
7OV3,302,0.140439374,73.04917908,0.7655065681,43.86029554,0.2953685428,24.17302895,0.5339803942,30.59482293,0.4958199889,6.600675583,0.442503056,25.35355753,0.5699761343,8.599230766,0.3605948193,20.66056126
3A8Z,129,0.2002739742,15.99068069,0.8039820053,46.06477571,0.4448672753,9.163784027,0.5314733712,30.4511811,0.5086701246,5.024258137,0.4560155928,26.12776886,0.4700951765,5.155004978,0.3607191195,20.66768314
8J1X,174,0.1622066153,32.97034454,0.8841533291,50.6582542,0.6003765388,5.75763607,0.5375317585,30.79830111,0.5127036056,8.505343437,0.4657128654,26.68338165,0.5783633316,4.816511631,0.3617255351,20.7253465
2WTW,256,0.1554529928,45.46876907,0.8198727964,46.97525097,0.3321212651,17.36680984,0.5444579412,31.19514215,0.4790827298,10.75146294,0.46973299,26.91371782,0.4551464885,10.31552219,0.37526121,21.50088355
7WM5,212,0.1700882954,48.64776611,0.7857598902,45.02072542,0.279967839,18.5395298,0.5516453784,31.60695197,0.2741803715,23.4996891,0.4727754193,27.08803618,0.5651617285,7.629127979,0.3742698413,21.44408231
3A84,224,0.1462937482,57.64345551,0.8097829418,46.39714489,0.4263840776,11.59570503,0.5263548784,30.15791306,0.4158448366,9.558710098,0.4718695062,27.03613118,0.4863666558,11.60344028,0.3774822613,21.62814041
3M2H,291,0.1330017322,61.50653076,0.8596254979,49.25291299,0.4478417021,17.78447914,0.5375255741,30.79794678,0.5147365621,11.82845211,0.4752140452,27.22775916,0.3175689082,13.65709496,0.3775482117,21.63191909
4BLJ,138,0.2084101857,31.98781967,0.6920795608,39.65323792,0.3000747592,14.57874775,0.5245260739,30.05313028,0.3581845654,12.38280296,0.4292285618,24.59298504,0.4022621316,8.954251289,0.3580853592,20.51677979
7QS2,172,0.1448609656,55.34473038,0.7198951642,41.2469546,0.3892047319,10.14916992,0.5265784346,30.17072188,0.4590493317,9.268115044,0.4447026543,25.47958523,0.3670648946,11.83391476,0.3652611606,20.92792292
5GJC,429,0.1249439332,84.02122498,0.8124915777,46.55233829,0.2951932791,25.31637383,0.5444028045,31.19198305,0.3514973692,17.53494072,0.4726438795,27.08049951,0.6037247425,9.619740486,0.3807036235,21.81271087
1UY3,133,0.1959559749,26.76245689,0.7229747738,41.42340323,0.3602157531,6.966096401,0.5282115622,30.2642932,0.6024478553,5.37398386,0.4499458215,25.77999658,0.4909537992,6.783630848,0.371804156,21.30280894
1CJM,223,0.1375807349,76.90888977,0.8803545171,50.44059831,0.3490975634,19.95302391,0.536286116,30.72693106,0.3438946566,16.80637169,0.4586535777,26.27891426,0.4081314992,18.19328499,0.3816818901,21.86876142
4ZAA,496,0.1263858195,110.8854446,0.852169093,48.82569246,0.322012172,13.89754009,0.5615008043,32.17162628,0.3088216061,10.27184105,0.4870678216,27.90693051,0.3714567169,22.52281761,0.3805471428,21.80374519
7ULD,247,0.2123993878,39.75101852,0.8075653409,46.27008571,0.3528097436,16.44272804,0.5378609864,30.81716449,0.5565896565,11.96389294,0.4648397386,26.63335517,0.4524507791,6.04366827,0.3826282497,21.92298383
7MNB,298,0.1700287119,55.17999268,0.8591302346,49.2245365,0.39444773,15.85362244,0.5334352722,30.56358974,0.6302597195,8.415365219,0.4645355203,26.61592475,0.4749874426,14.76815987,0.3701564017,21.20839958
6HR6,492,0.1366601011,86.60480499,0.8043641713,46.0866722,0.4175596016,20.81727982,0.5516188713,31.60543323,0.4269797935,12.41880322,0.4728207405,27.0906329,0.5063514628,10.33461952,0.3789066032,21.70974919
2ZM1,271,0.1875991701,64.23959351,0.8419923618,48.24260872,0.5539655153,9.302495956,0.5479623967,31.39593266,0.4268066411,13.99096966,0.4753025481,27.23283,0.4919063279,13.32119083,0.3683373905,21.10417791
2CWY,94,0.1951701143,22.09778976,0.9191021976,52.66067686,0.4805066265,6.448848248,0.5257625141,30.12397308,0.5516265499,6.127420425,0.4516917708,25.88003211,0.5035067525,5.699410439,0.3625832705,20.77449112
8HGN,353,0.124100209,65.46257019,0.7780518568,44.57908764,0.2963774225,19.28124428,0.5496522144,31.49275208,0.3609456542,15.91096592,0.4651153498,26.64914653,0.3847485034,10.42542648,0.3751112415,21.49229099
1M7B,179,0.1572782463,45.32811737,0.8051947965,46.13426353,0.4070013389,13.3735342,0.5238612012,30.01503588,0.3775314616,12.52987194,0.4498513621,25.77458446,0.4799305341,6.577489376,0.363848447,20.8469804
4ZMP,216,0.2200242182,44.8531456,0.7032578104,40.29370445,0.4263656359,11.11911392,0.5442215614,31.18159859,0.4704349679,6.908360004,0.4600920108,26.3613304,0.5741790031,6.345418453,0.3743780264,21.45028085
4OZZ,423,0.1592290561,112.4866562,0.7487542181,42.90045659,0.308572767,26.00673485,0.5070472534,29.05166763,0.5107995925,17.76858711,0.4113830972,23.57051523,0.6074378833,5.575501442,0.3542582595,20.29750313
5HD4,347,0.1658610675,74.76576233,0.8577071935,49.14300225,0.389712384,11.94291496,0.5467115215,31.32426279,0.4594343915,16.04493523,0.4816783888,27.59813876,0.5357686378,8.288887024,0.3779160321,21.65299365
2W1G,254,0.1426869612,64.89356995,0.8207154007,47.02352864,0.5043589863,8.210550308,0.5374692132,30.79471754,0.3630313879,18.49187088,0.4689155781,26.86688357,0.4557478466,12.39914417,0.3662064306,20.9820829
1EJN,247,0.1507897116,59.70898438,0.8094791136,46.37973681,0.3642332127,19.15847397,0.5466162778,31.31880573,0.3430556011,16.34775734,0.4723064129,27.0611641,0.3174004564,14.89378452,0.3706222813,21.23509251
4XQM,94,0.2478028867,13.88132668,0.6936130672,39.74110136,0.4073730314,5.274749756,0.5137178838,29.4338666,0.4795486597,3.305855036,0.4408410381,25.25833092,0.5736060939,4.086212635,0.3523487606,20.1880969
4C0K,406,0.144467762,86.89902496,0.8343890685,47.8069721,0.3058335364,23.0060482,0.5420772541,31.05873883,0.3250743782,23.70503235,0.473845124,27.14932575,0.5605630169,8.921333313,0.3807307199,21.81426338
8XPC,444,0.1091544253,91.12385559,0.8498641988,48.69363175,0.2475760032,42.15367126,0.5540443766,31.74440444,0.2388435084,33.35848236,0.4847177963,27.77228398,0.3646079619,23.53136253,0.3870461789,22.17611253
4HXM,124,0.2278357982,23.73085976,0.8728879763,50.01279703,0.4776516736,10.74312878,0.5143139021,29.46801594,0.5235533212,8.68682003,0.4532586777,25.96980926,0.6735064385,3.570247412,0.3626194897,20.77656633
1BFC,124,0.1788650039,29.04907036,0.7875597115,45.12384759,0.4640123257,6.668443203,0.5118882126,29.32903417,0.4186081543,9.258476257,0.4604517278,26.38194067,0.4383783783,7.741596222,0.3640957424,20.86114938
3FI6,172,0.1897873207,40.30278015,0.9377861028,53.73118578,0.4156593484,11.88206005,0.5412682264,31.01238496,0.4763419465,8.499694824,0.4625917044,26.5045523,0.6966164076,4.363134384,0.3420235861,19.59650798
1RPJ,288,0.1304876425,52.16954803,0.8291756361,47.50826442,0.3255656461,19.17312241,0.5487502529,31.4410735,0.2433698177,24.13762665,0.4802584258,27.51678088,0.4637642312,14.60982323,0.3842946099,22.01845924
4U9S,219,0.1579605662,63.85927963,0.8022629529,45.96628126,0.5064883887,7.272712231,0.5448306368,31.21649604,0.4636460399,6.493924618,0.4602312316,26.36930717,0.5665353365,5.597659588,0.3698921683,21.19326012
5P76,330,0.1303668624,72.44425964,0.7921577175,45.38729392,0.4030844141,10.72953606,0.5438759781,31.16179812,0.5192896213,7.38759613,0.466158689,26.70892546,0.5278776584,8.63988018,0.3831314062,21.95181257
2GB2,105,0.2357872001,21.72638512,0.6772618064,38.80424313,0.3143577305,11.52452278,0.5049875439,28.93365497,0.4571517565,8.534977913,0.4315825995,24.72786146,0.6167873406,6.102863789,0.3372575605,19.32343483
5MM8,198,0.162858489,40.17716599,0.7685053061,44.03211057,0.3135238902,16.66048813,0.5284659777,30.27887014,0.3819071169,9.267360687,0.4575895444,26.21794964,0.495190819,11.96388245,0.3674590346,21.05385183
3I8P,411,0.1343844643,74.80405426,0.7967351613,45.64956213,0.2707879347,28.35727882,0.5521870877,31.63798963,0.3925083891,20.77534485,0.4850295865,27.79014824,0.5587358229,10.78472996,0.3822224363,21.89973243
3OKC,378,0.148694838,74.8509903,0.8702516133,49.86174456,0.3594639144,36.72906113,0.5511383694,31.57790249,0.3944719064,23.48345184,0.4816303033,27.59538366,0.5330494881,6.131352901,0.3766347168,21.57957969
7M1S,577,0.1724627923,102.1640778,0.8911229047,51.05758147,0.2731278007,28.98973083,0.5496259358,31.49124643,0.4975709035,16.23418808,0.4833053117,27.69135457,0.5015270953,14.28534794,0.38282571,21.93429747
4OQI,264,0.1243785794,65.93675995,0.8235691178,47.18703459,0.2883308041,17.84189224,0.5396505356,30.9196981,0.4317924721,12.88042831,0.4716702465,27.02471445,0.4096316423,15.18074226,0.3705675767,21.23195817
2GYZ,97,0.2605351712,18.47327614,0.6891881006,39.48756945,0.53083034,2.971623182,0.4873870963,27.92522361,0.430094141,3.764372349,0.4120468789,23.60854712,0.6159654892,4.021377087,0.3344429893,19.16217177
6X10,391,0.1330885347,80.01381683,0.7771279913,44.52615404,0.4212402013,27.61722755,0.5483047278,31.41554679,0.3730069331,17.57422066,0.471150042,26.99490892,0.6005955247,6.441643238,0.375381744,21.50778964
4S2U,308,0.1652812651,71.70653534,0.7924812615,45.40583163,0.330611938,25.40245819,0.5378238216,30.8150351,0.4775457496,18.36931992,0.4578916648,26.23525986,0.4765677201,22.90547371,0.3773207584,21.61888698
3SRQ,157,0.1507908043,38.89097214,0.8068543602,46.22934952,0.3523406292,12.52588081,0.5397671928,30.92638207,0.4264139925,8.788421631,0.4577766888,26.22867223,0.4286957216,9.350382805,0.3618386507,20.73182755
1GV2,102,0.2293338305,22.37194252,0.8698150966,49.83673399,0.4365109551,6.950530529,0.526530133,30.16795441,0.5507809952,3.669377327,0.4636260376,26.56381523,0.5363206129,5.20064497,0.365839686,20.96106999
5P7T,330,0.1230659811,77.70307159,0.8017181715,45.93506759,0.3884366891,10.56754017,0.5424492412,31.08005212,0.467534617,8.275085449,0.4697881937,26.91688076,0.4672207223,12.9221611,0.3801104405,21.77872399
1EY4,136,0.1821393433,31.42644882,0.8175845772,46.84414567,0.3444347628,12.26805782,0.5262443255,30.15157884,0.4882220626,5.777117729,0.4664299474,26.72446743,0.4676217445,5.402830124,0.3651067366,20.91907508
8Q8A,205,0.1946159131,54.14416885,0.8812103447,50.48963361,0.4096427916,8.582903862,0.5380195526,30.82624966,0.5058014936,11.57858276,0.4743157713,27.17629185,0.4723047589,10.79541779,0.3709498127,21.25385868
5H5F,225,0.1650560239,58.57004929,0.8134935972,46.60974978,0.2640164017,24.07069778,0.5360698906,30.71454225,0.4983454593,9.508095741,0.4665867338,26.73345062,0.5796124176,9.084902763,0.3573763137,20.47615447
7OVF,232,0.1495827157,51.59203339,0.7950226169,45.55144057,0.5042293592,15.47001266,0.5407824668,30.98455298,0.4643470607,7.681289673,0.4760770961,27.27720833,0.516270496,10.26559162,0.3780907774,21.66300582
1L11,164,0.1725428997,29.52640152,0.8358097547,47.88837142,0.3307833049,11.76817989,0.5042810237,28.89317434,0.387448657,10.68987179,0.4447361251,25.48150297,0.6036384438,6.968542099,0.3604180151,20.65043112
1XJT,178,0.1845974968,40.78792191,0.8447603205,48.40120106,0.5051323441,8.601775169,0.5100608759,29.22433549,0.4730207953,6.611395836,0.4590175164,26.29976641,0.5407021646,7.218215942,0.3716451344,21.29369768
4UTH,359,0.1425643353,83.70915222,0.8183329308,46.88702317,0.3558880425,12.6071806,0.5452256942,31.23913116,0.361692145,15.75693893,0.4724567502,27.06977779,0.5892145939,8.954297066,0.3710137333,21.25752106
3R9O,282,0.1287911713,61.29470444,0.8136113271,46.61649521,0.3163021462,22.07878304,0.5398724906,30.93241519,0.3948528257,19.37436295,0.4674487032,26.78283783,0.3189869738,11.77054024,0.374603497,21.46319937
8AHB,235,0.1701850791,49.48700333,0.7366349728,42.20607498,0.2876728893,14.34973621,0.519059431,29.73991471,0.3181117331,13.74384117,0.4425907941,25.35858455,0.3812553664,14.17636204,0.3465112903,19.85363449
4XIQ,209,0.1650066271,40.80453491,0.7727843827,44.2772836,0.277932497,16.51561928,0.5417215321,31.03835746,0.3824345811,10.74280643,0.4633670936,26.54897883,0.4689141728,12.12778378,0.3570989413,20.4602622
4BBK,121,0.2253228225,22.35032463,0.7536152844,43.17897517,0.4619258002,5.059156418,0.5207405988,29.83623853,0.5144512932,5.404467583,0.4361582622,24.99002763,0.5554804885,4.085530281,0.3519240008,20.16375995
3PDF,351,0.1320279272,89.8163147,0.8354906417,47.87008759,0.306857115,23.04810143,0.553997831,31.74173758,0.2522087821,28.20524597,0.4730264479,27.10241906,0.3176461762,19.20627785,0.3800676463,21.77627206
1W4S,146,0.2230064213,23.05174255,0.7340187383,42.05617579,0.3004294619,11.64719105,0.5304074965,30.39011097,0.3606827305,11.99910831,0.4590089787,26.29927724,0.4520089323,9.461523056,0.369994275,21.1991104
5TMN,321,0.1673645322,65.37886047,0.8539214648,48.92609597,0.2894857279,21.16704178,0.5556158569,31.83444363,0.360907965,9.776600838,0.4763312711,27.29177148,0.4004998608,13.21437645,0.3718370597,21.30469419
1ZCE,146,0.1965910331,27.98150826,0.7774136509,44.54252113,0.3048335554,12.07272148,0.5385226344,30.85507412,0.3861103548,9.632192612,0.457815855,26.23091628,0.6133067785,5.432379723,0.376524123,21.57324313
4BV3,270,0.1629039835,60.26334763,0.8169716292,46.80902633,0.3161499939,14.21536732,0.5313433393,30.44373081,0.463242849,9.239561081,0.4670577068,26.76043539,0.3494741459,10.26598072,0.3793949227,21.73772784
6BNZ,277,0.1619013568,61.78333282,0.8012565719,45.90861988,0.2825486097,19.20226479,0.545943854,31.28027869,0.4281978132,8.525668144,0.4739285876,27.15410786,0.4609259808,6.236067772,0.3706156579,21.23471302
3MAM,271,0.168508109,59.81916046,0.8363136488,47.91724243,0.3499590174,14.75011349,0.5512378137,31.58360024,0.3250554674,21.18320084,0.4744222631,27.18239338,0.4083048519,14.50124836,0.375282996,21.50213179
4N5U,108,0.2105491546,25.81408691,0.6766739192,38.77055968,0.2874887138,13.34471989,0.5254758093,30.10754611,0.4867033866,7.125832558,0.4526641617,25.935746,0.3840224984,9.925415993,0.366116045,20.97690419
6FCA,209,0.1799136214,51.99197388,0.8169936015,46.81028525,0.339060772,21.38521385,0.5455672677,31.25870188,0.3856259569,14.31108761,0.4740544301,27.1613181,0.4718463399,13.43977261,0.3792912612,21.73178847
3EMZ,331,0.1448088122,75.45258331,0.8680435364,49.73523107,0.3174064121,26.10998535,0.5476488552,31.37796806,0.4030022286,12.5434761,0.4778149584,27.37678051,0.5596921229,7.501407146,0.3752688715,21.50132252
4KQL,450,0.1477272028,113.9779663,0.7606641418,43.58284495,0.4770604436,15.31099796,0.5246490423,30.06017585,0.3548759263,25.0657444,0.4241592244,24.3025334,0.2949619641,32.66521072,0.3580424891,20.51432351
6YCW,347,0.1362300624,73.10784912,0.8414975245,48.21425662,0.4096450965,9.771979332,0.5418408209,31.0451922,0.304376076,13.40934277,0.4715394978,27.0172231,0.413060417,12.15023518,0.3789070724,21.70977608
4DKQ,339,0.1373229688,77.24749756,0.8252336296,47.28240409,0.229998777,15.46485424,0.5511491739,31.57852155,0.3161814899,20.44968033,0.4864763173,27.87303981,0.5073374345,8.113650322,0.3832852664,21.96062812
1QQL,131,0.2126860312,32.33188629,0.7605386505,43.57565483,0.3448106011,14.02725029,0.5011546074,28.71404389,0.4684261896,7.831738472,0.4509327152,25.83654143,0.6015189,4.1304245,0.3645854448,20.88920726
2GXQ,206,0.1718809293,52.38303375,0.8350881715,47.84702775,0.3088626929,16.89222717,0.5273014055,30.21214507,0.3943784742,11.81994915,0.4711969086,26.99759418,0.5947491419,7.567545891,0.361714752,20.72472868
5LIZ,584,0.1259331419,140.5246277,0.8750043801,50.13405803,0.361228639,16.36231232,0.5478128116,31.38736207,0.2695874305,31.98587418,0.4799432804,27.49872437,0.5542102801,26.08394814,0.3861934701,22.12725591
2XUZ,281,0.1491007966,63.93982697,0.8292850876,47.51453553,0.3250665169,24.28695297,0.5491417851,31.46350664,0.2965146504,21.11742973,0.4753039752,27.23291176,0.5040181655,8.17135334,0.380434607,21.79729736
8CDY,143,0.2781070951,43.76283646,0.9194794259,52.68229046,0.56979232,5.075760365,0.5121795734,29.34572791,0.5845753375,5.370852947,0.4526802533,25.93666798,0.6925254882,3.119056463,0.3440168983,19.71071635
4LOM,191,0.1960178792,31.57775497,0.7543004467,43.21823208,0.289805706,20.48132896,0.503833086,28.86750941,0.5620795323,9.306288719,0.4420611613,25.32823883,0.5856062615,4.540938377,0.362064318,20.74475733
2H0L,319,0.1166905387,95.34441376,0.8880346375,50.88063679,0.3195738971,21.54012489,0.5570169253,31.91471894,0.3720880682,23.13396454,0.4736060987,27.13563061,0.4671300228,10.09521484,0.3722199966,21.32663486
7R2L,164,0.1395619183,43.09971619,0.8071272073,46.24498251,0.3391014617,11.47015572,0.5205643322,29.8261392,0.383191599,9.33305645,0.456584647,26.16037326,0.4964100508,6.177395344,0.3741713323,21.43843815
6XB1,306,0.1967966702,72.19441986,0.8189102501,46.92010113,0.3368891476,13.65199757,0.5528609548,31.67659937,0.3002286977,11.58303928,0.4724198473,27.06766341,0.4805949025,9.838433266,0.3706270918,21.23536813
5FFS,145,0.2354358943,28.4425106,0.8554409002,49.0131532,0.320727,17.92352104,0.5309679476,30.42222246,0.4009589549,8.607990265,0.4588297309,26.28900709,0.6099540326,7.960457325,0.3633681927,20.81946385
6X7O,301,0.1392326568,68.48991394,0.7861986425,45.04586408,0.3438684717,17.27943802,0.5235952184,29.99979619,0.2693392266,19.06828499,0.4501226975,25.79013083,0.4395490327,16.93737602,0.3687605868,21.12842527
3H38,424,0.1623871196,104.3439255,0.8427045251,48.28341266,0.4502331844,20.74720383,0.5582928667,31.98782499,0.5922402311,9.956366539,0.4756315901,27.25168271,0.4457625093,12.07628345,0.3733820988,21.39321841
4RMQ,100,0.2543843845,16.6516819,0.6414247133,36.75092895,0.437049914,10.14497757,0.5161416864,29.57274026,0.5479029717,6.372536182,0.4326654717,24.78990547,0.556673377,5.781605244,0.3472769711,19.89750476
2ICT,94,0.2551521928,34.68684387,0.8619113803,49.3838844,0.4909524099,4.103349686,0.5187404752,29.72163989,0.5436099897,5.891667366,0.4399235911,25.20576508,0.5371963024,3.95650053,0.3576588086,20.49234024
3MH1,337,0.1495732563,66.58096313,0.8355446962,47.87318469,0.3370432451,26.01594543,0.5342903741,30.61258347,0.4005866005,11.63127041,0.4804744482,27.52915805,0.4821513162,8.817564011,0.3898452039,22.33648485
3KGB,254,0.1423735486,56.11053848,0.8062680919,46.19575882,0.3839910357,17.54981804,0.5584190494,31.99505473,0.3436537695,15.16976357,0.4727276076,27.08529678,0.3085254779,17.73451996,0.3818874633,21.8805399
1G7N,131,0.2395463246,21.68284607,0.6965522641,39.90950494,0.5515708442,6.669977188,0.5224857957,29.93623095,0.3549822514,13.38255405,0.4456115605,25.53166172,0.5535679481,5.221665382,0.3496893285,20.03572267
2EK9,412,0.1253398408,97.039505,0.8109551189,46.46430569,0.2576075906,23.20428467,0.5488426759,31.44636895,0.3463700741,21.6336441,0.4787948039,27.43292152,0.5885563107,13.67282009,0.3782084151,21.66974596
3OCV,247,0.1534641155,48.91662598,0.8213602689,47.06047687,0.4482975525,9.892303467,0.5333942791,30.56124101,0.3977910857,8.467002869,0.4703302681,26.94793934,0.4364727359,10.12194824,0.3647289242,20.89742802
3AZ3,250,0.1389006908,40.96237183,0.8753444533,50.1535428,0.4614958873,11.427104,0.5539621084,31.73969082,0.5710689234,10.75078773,0.4850192301,27.78955486,0.3371492663,14.1869278,0.3817053219,21.87010396
2QQJ,315,0.147323866,60.72621536,0.7849383622,44.97365533,0.3685657291,19.22743034,0.5525047273,31.65618904,0.3595318134,17.08581924,0.4792951623,27.46158994,0.5022435774,12.29308701,0.3850379065,22.06104699
1MXI,157,0.1268645769,44.23304749,0.8278654761,47.43319778,0.3769052471,15.33845997,0.5329746468,30.53719785,0.4307637691,8.583694458,0.4522528324,25.91217857,0.5304658965,11.922472,0.3614098956,20.70726169
3EO5,169,0.1899056639,23.19581223,0.7825127688,44.83467907,0.5091720107,13.37311554,0.5355357305,30.68393714,0.5393289545,9.343671799,0.4689903402,26.87116713,0.4995527936,9.958751678,0.3672911516,21.04423284
1DAG,224,0.1344816176,73.7009201,0.8022525816,45.96568703,0.3564569128,24.78834915,0.5445743877,31.20181405,0.3597939527,20.54935646,0.4683128512,26.83234986,0.6789770197,3.721306801,0.3654030297,20.93605142
2FUP,128,0.1985499492,52.22672272,0.9529216047,54.59838616,0.3811487913,7.824570179,0.5424093536,31.07776673,0.4637833733,7.208593845,0.469581772,26.90505367,0.680445444,4.192853451,0.3676862527,21.06687047
5VW4,309,0.1404903559,81.90419006,0.7868167692,45.08128012,0.4178758698,14.79982662,0.5341001426,30.60168401,0.3738868585,18.68772316,0.474273709,27.17388186,0.4905771766,12.02410984,0.3682534024,21.09936575
5M41,712,0.1158763503,132.4432526,0.8527687144,48.86004824,0.3389400518,18.52336311,0.5555837259,31.83260266,0.3115566757,18.93522453,0.4829809037,27.67276737,0.4572544575,19.15747833,0.3800140792,21.77320289
6GA4,231,0.2015415911,48.11343384,0.9649426104,55.28713905,0.6733814459,3.583349466,0.5218174351,29.89793671,0.580649708,7.917892456,0.4605856812,26.38961564,0.63185054,8.024194717,0.3675473107,21.05890967
4FK9,314,0.1377103951,47.45992661,0.7947503969,45.53584351,0.3908338322,14.23597145,0.5364612123,30.73696334,0.3062738639,21.86107445,0.4724644078,27.07021654,0.5374759997,9.346219063,0.3648595726,20.90491363
3TM9,146,0.225217675,31.44037628,0.8749646409,50.13178115,0.567671175,10.65269279,0.5161184153,29.57140692,0.3622277213,11.22546673,0.4629131669,26.52297075,0.4423233507,7.306024075,0.3681111916,21.09121767
5ORI,583,0.1125138561,117.6639709,0.874054774,50.07964961,0.3049152628,30.57580185,0.5517415853,31.61246422,0.2584778999,32.95113373,0.4929365133,28.24318178,0.4643670031,18.60878181,0.3891031072,22.29396584
4Y3R,330,0.151256556,66.70233917,0.7847156139,44.96089279,0.3809160174,12.9594593,0.5469821127,31.33976652,0.3617795711,10.75012302,0.4664406285,26.72507941,0.5010314305,9.07274437,0.3802056581,21.78417956
1NLI,248,0.1579596388,61.78010178,0.821173016,47.04974806,0.3079217613,15.48730659,0.5428398839,31.1024343,0.4377201985,14.66438484,0.4749851889,27.21464666,0.4869065616,9.407712936,0.3695753908,21.17511011
8P8T,374,0.1582611169,72.66473389,0.8130940384,46.58685675,0.3818174273,32.09949875,0.5569666177,31.91183653,0.42113592,13.59409428,0.4771721325,27.33994929,0.529228308,6.068753242,0.3791538426,21.72391497